post_id,title,selftext,author,created_utc,score,num_comments,ingredient,category,is_substitute_related
t3_1027,Kimchi substitute in Korean recipes?,I'm trying to make Korean food but can't find kimchi locally. Any suggestions?,user_883,2025-11-16 03:47:54.146939,111,42,kimchi,발효식품,True
t3_1021,Can I make tteokbokki without rice cakes?,I'm trying to make Korean food but can't find rice cake locally. Any suggestions?,user_494,2025-11-11 03:47:54.146939,50,22,rice cake,곡물,True
t3_1018,Can I skip sesame oil in bibimbap?,I'm trying to make Korean food but can't find sesame oil locally. Any suggestions?,user_230,2025-10-03 03:47:54.146939,55,27,sesame oil,오일,True
t3_1036,Can I skip anchovies in tteokbokki?,I'm trying to make Korean food but can't find dried anchovies locally. Any suggestions?,user_716,2025-09-26 03:47:54.146939,109,23,dried anchovies,건어물,True
t3_1008,Where to find Korean red pepper flakes?,I'm trying to make Korean food but can't find gochugaru locally. Any suggestions?,user_106,2025-09-14 03:47:54.146939,22,18,gochugaru,양념,True
t3_1004,How to make gochujang at home?,I'm trying to make Korean food but can't find gochujang locally. Any suggestions?,user_869,2025-08-29 03:47:54.146939,38,6,gochujang,장류,True
t3_1024,Alternative to garaetteok?,I'm trying to make Korean food but can't find rice cake locally. Any suggestions?,user_857,2025-08-18 03:47:54.146939,141,20,rice cake,곡물,True
t3_1032,Where to buy dried kelp for Korean cooking?,I'm trying to make Korean food but can't find dashima locally. Any suggestions?,user_719,2025-07-22 03:47:54.146939,70,32,dashima,건어물,True
t3_1034,Is dashima necessary for doenjang jjigae?,I'm trying to make Korean food but can't find dashima locally. Any suggestions?,user_92,2025-07-22 03:47:54.146939,77,20,dashima,건어물,True
t3_1038,Alternative to anchovy broth?,I'm trying to make Korean food but can't find dried anchovies locally. Any suggestions?,user_185,2025-07-10 03:47:54.146939,93,42,dried anchovies,건어물,True
t3_1017,Where to find authentic Korean sesame oil?,I'm trying to make Korean food but can't find sesame oil locally. Any suggestions?,user_8,2025-07-07 03:47:54.146939,46,36,sesame oil,오일,True
t3_1039,Can I use fish sauce instead of anchovies?,I'm trying to make Korean food but can't find dried anchovies locally. Any suggestions?,user_544,2025-06-19 03:47:54.146939,126,44,dried anchovies,건어물,True
t3_1001,Gochujang alternative for non-spicy version?,I'm trying to make Korean food but can't find gochujang locally. Any suggestions?,user_351,2025-06-12 03:47:54.146939,46,11,gochujang,장류,True
t3_1058,How spicy is authentic Korean food?,I love Korean food! What do you think?,user_939,2025-06-04 03:47:54.146939,190,64,,,False
t3_1037,Where to find myeolchi for stock?,I'm trying to make Korean food but can't find dried anchovies locally. Any suggestions?,user_538,2025-05-25 03:47:54.146939,81,30,dried anchovies,건어물,True
t3_1023,How to find frozen rice cakes?,I'm trying to make Korean food but can't find rice cake locally. Any suggestions?,user_291,2025-05-21 03:47:54.146939,15,22,rice cake,곡물,True
t3_1047,Where to find mirin for Korean cooking?,I'm trying to make Korean food but can't find cooking wine locally. Any suggestions?,user_700,2025-04-07 03:47:54.146939,26,36,cooking wine,주류,True
t3_1016,Sesame oil alternative for Korean food?,I'm trying to make Korean food but can't find sesame oil locally. Any suggestions?,user_286,2025-03-30 03:47:54.146939,134,4,sesame oil,오일,True
t3_1045,Substitute for Korean cooking wine?,I'm trying to make Korean food but can't find cooking wine locally. Any suggestions?,user_182,2025-03-25 03:47:54.146939,58,9,cooking wine,주류,True
t3_1002,Can I use sriracha instead of gochujang?,I'm trying to make Korean food but can't find gochujang locally. Any suggestions?,user_396,2025-02-23 03:47:54.146939,14,22,gochujang,장류,True
t3_1014,Difference between doenjang and miso - can I swap?,I'm trying to make Korean food but can't find doenjang locally. Any suggestions?,user_960,2025-02-18 03:47:54.146939,123,26,doenjang,장류,True
t3_1006,Can I use regular chili flakes instead of gochugaru?,I'm trying to make Korean food but can't find gochugaru locally. Any suggestions?,user_91,2025-02-01 03:47:54.146939,14,10,gochugaru,양념,True
t3_1030,Substitute for dashima in Korean soup?,I'm trying to make Korean food but can't find dashima locally. Any suggestions?,user_971,2025-01-25 03:47:54.146939,105,48,dashima,건어물,True
t3_1022,Rice cake substitute for tteokbokki?,I'm trying to make Korean food but can't find rice cake locally. Any suggestions?,user_569,2024-12-11 03:47:54.146939,121,26,rice cake,곡물,True
t3_1026,Where to buy good quality kimchi?,I'm trying to make Korean food but can't find kimchi locally. Any suggestions?,user_850,2024-11-27 03:47:54.146939,90,39,kimchi,발효식품,True
t3_1009,Best gochugaru alternative for kimchi jjigae?,I'm trying to make Korean food but can't find gochugaru locally. Any suggestions?,user_906,2024-11-23 03:47:54.146939,59,15,gochugaru,양념,True
t3_1019,Best sesame oil brand for Korean cooking?,I'm trying to make Korean food but can't find sesame oil locally. Any suggestions?,user_257,2024-11-17 03:47:54.146939,99,41,sesame oil,오일,True
t3_1015,Can I substitute toasted sesame oil with regular sesame oil?,I'm trying to make Korean food but can't find sesame oil locally. Any suggestions?,user_223,2024-11-14 03:47:54.146939,89,34,sesame oil,오일,True
t3_1049,Cheongju alternative in marinades?,I'm trying to make Korean food but can't find cooking wine locally. Any suggestions?,user_155,2024-11-02 03:47:54.146939,107,16,cooking wine,주류,True
t3_1042,Can I mix gochujang and miso for ssamjang?,I'm trying to make Korean food but can't find ssamjang locally. Any suggestions?,user_394,2024-11-01 03:47:54.146939,149,12,ssamjang,장류,True
t3_1012,Doenjang replacement in doenjang jjigae?,I'm trying to make Korean food but can't find doenjang locally. Any suggestions?,user_750,2024-10-29 03:47:54.146939,89,33,doenjang,장류,True
t3_1043,Where to buy ssamjang?,I'm trying to make Korean food but can't find ssamjang locally. Any suggestions?,user_379,2024-10-25 03:47:54.146939,33,27,ssamjang,장류,True
t3_1053,Favorite Korean snack to buy online?,I love Korean food! What do you think?,user_999,2024-10-15 03:47:54.146939,43,46,,,False
t3_1059,Vegetarian Korean food options?,I love Korean food! What do you think?,user_656,2024-10-14 03:47:54.146939,23,41,,,False
t3_1005,Substitute for gochugaru in kimchi?,I'm trying to make Korean food but can't find gochugaru locally. Any suggestions?,user_947,2024-10-04 03:47:54.146939,50,34,gochugaru,양념,True
t3_1054,Korean instant noodles recommendations?,I love Korean food! What do you think?,user_738,2024-09-24 03:47:54.146939,108,17,,,False
t3_1020,Where can I buy Korean rice cakes?,I'm trying to make Korean food but can't find rice cake locally. Any suggestions?,user_659,2024-09-19 03:47:54.146939,33,16,rice cake,곡물,True
t3_1003,Where to buy gochujang in small towns?,I'm trying to make Korean food but can't find gochujang locally. Any suggestions?,user_373,2024-09-13 03:47:54.146939,126,37,gochujang,장류,True
t3_1028,How to find authentic kimchi in US?,I'm trying to make Korean food but can't find kimchi locally. Any suggestions?,user_222,2024-09-09 03:47:54.146939,128,28,kimchi,발효식품,True
t3_1044,Alternative sauce for ssam?,I'm trying to make Korean food but can't find ssamjang locally. Any suggestions?,user_540,2024-08-30 03:47:54.146939,37,35,ssamjang,장류,True
t3_1011,Can I use miso instead of doenjang?,I'm trying to make Korean food but can't find doenjang locally. Any suggestions?,user_696,2024-08-28 03:47:54.146939,45,32,doenjang,장류,True
t3_1029,Can I use sauerkraut instead of kimchi?,I'm trying to make Korean food but can't find kimchi locally. Any suggestions?,user_516,2024-08-26 03:47:54.146939,6,29,kimchi,발효식품,True
t3_1057,Korean food Instagram accounts to follow?,I love Korean food! What do you think?,user_335,2024-08-15 03:47:54.146939,117,70,,,False
t3_1035,Substitute for dried anchovies in Korean broth?,I'm trying to make Korean food but can't find dried anchovies locally. Any suggestions?,user_282,2024-07-20 03:47:54.146939,27,18,dried anchovies,건어물,True
t3_1031,Can I use kombu instead of dashima?,I'm trying to make Korean food but can't find dashima locally. Any suggestions?,user_867,2024-07-17 03:47:54.146939,45,23,dashima,건어물,True
t3_1025,Can I make kimchi jjigae without kimchi?,I'm trying to make Korean food but can't find kimchi locally. Any suggestions?,user_812,2024-07-02 03:47:54.146939,104,38,kimchi,발효식품,True
t3_1055,Learning to make Korean food - where to start?,I love Korean food! What do you think?,user_565,2024-06-24 03:47:54.146939,25,47,,,False
t3_1013,Where to buy fermented soybean paste?,I'm trying to make Korean food but can't find doenjang locally. Any suggestions?,user_540,2024-05-29 03:47:54.146939,124,49,doenjang,장류,True
t3_1050,Best Korean restaurant in NYC?,I love Korean food! What do you think?,user_389,2024-05-16 03:47:54.146939,18,27,,,False
t3_1010,What is a good substitute for doenjang?,I'm trying to make Korean food but can't find doenjang locally. Any suggestions?,user_915,2024-05-11 03:47:54.146939,122,16,doenjang,장류,True
t3_1040,How to make ssamjang without doenjang?,I'm trying to make Korean food but can't find ssamjang locally. Any suggestions?,user_946,2024-05-05 03:47:54.146939,112,39,ssamjang,장류,True
t3_1007,Gochugaru vs cayenne pepper - can I substitute?,I'm trying to make Korean food but can't find gochugaru locally. Any suggestions?,user_893,2024-05-03 03:47:54.146939,140,34,gochugaru,양념,True
t3_1048,Is cooking wine necessary in Korean recipes?,I'm trying to make Korean food but can't find cooking wine locally. Any suggestions?,user_411,2024-03-12 03:47:54.146939,113,10,cooking wine,주류,True
t3_1000,What can I substitute for gochujang in tteokbokki?,I'm trying to make Korean food but can't find gochujang locally. Any suggestions?,user_62,2024-02-06 03:47:54.146939,125,29,gochujang,장류,True
t3_1052,How to improve my kimchi jjigae?,I love Korean food! What do you think?,user_704,2024-01-19 03:47:54.146939,153,30,,,False
t3_1051,Just made my first bibimbap!,I love Korean food! What do you think?,user_552,2024-01-13 03:47:54.146939,106,75,,,False
t3_1056,Best Korean cookbook for beginners?,I love Korean food! What do you think?,user_443,2023-12-31 03:47:54.146939,173,16,,,False
t3_1046,Can I use sake instead of cheongju?,I'm trying to make Korean food but can't find cooking wine locally. Any suggestions?,user_483,2023-12-26 03:47:54.146939,35,19,cooking wine,주류,True
t3_1033,Dashima alternative for broth?,I'm trying to make Korean food but can't find dashima locally. Any suggestions?,user_865,2023-12-12 03:47:54.146939,76,31,dashima,건어물,True
t3_1041,Ssamjang substitute for Korean BBQ?,I'm trying to make Korean food but can't find ssamjang locally. Any suggestions?,user_741,2023-12-03 03:47:54.146939,60,13,ssamjang,장류,True
