date,Squid Game,dalgona candy,isPartial,content_name,food_name,release_date,Culinary Class Wars,Korean cooking,Itaewon Class,Korean street food,Parasite,Jjapaguri
2021-08-01,0.0,0.0,False,Squid Game,dalgona candy,2021-09-17,,,,,,
2021-08-02,0.0,0.0,False,Squid Game,dalgona candy,2021-09-17,,,,,,
2021-08-03,0.0,0.0,False,Squid Game,dalgona candy,2021-09-17,,,,,,
2021-08-04,0.0,0.0,False,Squid Game,dalgona candy,2021-09-17,,,,,,
2021-08-05,0.0,0.0,False,Squid Game,dalgona candy,2021-09-17,,,,,,
2021-08-06,0.0,0.0,False,Squid Game,dalgona candy,2021-09-17,,,,,,
2021-08-07,0.0,0.0,False,Squid Game,dalgona candy,2021-09-17,,,,,,
2021-08-08,0.0,0.0,False,Squid Game,dalgona candy,2021-09-17,,,,,,
2021-08-09,0.0,0.0,False,Squid Game,dalgona candy,2021-09-17,,,,,,
2021-08-10,0.0,0.0,False,Squid Game,dalgona candy,2021-09-17,,,,,,
2021-08-11,0.0,0.0,False,Squid Game,dalgona candy,2021-09-17,,,,,,
2021-08-12,0.0,0.0,False,Squid Game,dalgona candy,2021-09-17,,,,,,
2021-08-13,0.0,0.0,False,Squid Game,dalgona candy,2021-09-17,,,,,,
2021-08-14,0.0,0.0,False,Squid Game,dalgona candy,2021-09-17,,,,,,
2021-08-15,0.0,0.0,False,Squid Game,dalgona candy,2021-09-17,,,,,,
2021-08-16,0.0,0.0,False,Squid Game,dalgona candy,2021-09-17,,,,,,
2021-08-17,0.0,0.0,False,Squid Game,dalgona candy,2021-09-17,,,,,,
2021-08-18,0.0,0.0,False,Squid Game,dalgona candy,2021-09-17,,,,,,
2021-08-19,0.0,0.0,False,Squid Game,dalgona candy,2021-09-17,,,,,,
2021-08-20,0.0,0.0,False,Squid Game,dalgona candy,2021-09-17,,,,,,
2021-08-21,0.0,0.0,False,Squid Game,dalgona candy,2021-09-17,,,,,,
2021-08-22,0.0,0.0,False,Squid Game,dalgona candy,2021-09-17,,,,,,
2021-08-23,0.0,0.0,False,Squid Game,dalgona candy,2021-09-17,,,,,,
2021-08-24,0.0,0.0,False,Squid Game,dalgona candy,2021-09-17,,,,,,
2021-08-25,0.0,0.0,False,Squid Game,dalgona candy,2021-09-17,,,,,,
2021-08-26,0.0,0.0,False,Squid Game,dalgona candy,2021-09-17,,,,,,
2021-08-27,0.0,0.0,False,Squid Game,dalgona candy,2021-09-17,,,,,,
2021-08-28,0.0,0.0,False,Squid Game,dalgona candy,2021-09-17,,,,,,
2021-08-29,0.0,0.0,False,Squid Game,dalgona candy,2021-09-17,,,,,,
2021-08-30,0.0,0.0,False,Squid Game,dalgona candy,2021-09-17,,,,,,
2021-08-31,0.0,0.0,False,Squid Game,dalgona candy,2021-09-17,,,,,,
2021-09-01,0.0,0.0,False,Squid Game,dalgona candy,2021-09-17,,,,,,
2021-09-02,0.0,0.0,False,Squid Game,dalgona candy,2021-09-17,,,,,,
2021-09-03,0.0,0.0,False,Squid Game,dalgona candy,2021-09-17,,,,,,
2021-09-04,0.0,0.0,False,Squid Game,dalgona candy,2021-09-17,,,,,,
2021-09-05,0.0,0.0,False,Squid Game,dalgona candy,2021-09-17,,,,,,
2021-09-06,0.0,0.0,False,Squid Game,dalgona candy,2021-09-17,,,,,,
2021-09-07,0.0,0.0,False,Squid Game,dalgona candy,2021-09-17,,,,,,
2021-09-08,0.0,0.0,False,Squid Game,dalgona candy,2021-09-17,,,,,,
2021-09-09,0.0,0.0,False,Squid Game,dalgona candy,2021-09-17,,,,,,
2021-09-10,0.0,0.0,False,Squid Game,dalgona candy,2021-09-17,,,,,,
2021-09-11,0.0,0.0,False,Squid Game,dalgona candy,2021-09-17,,,,,,
2021-09-12,0.0,0.0,False,Squid Game,dalgona candy,2021-09-17,,,,,,
2021-09-13,0.0,0.0,False,Squid Game,dalgona candy,2021-09-17,,,,,,
2021-09-14,0.0,0.0,False,Squid Game,dalgona candy,2021-09-17,,,,,,
2021-09-15,0.0,0.0,False,Squid Game,dalgona candy,2021-09-17,,,,,,
2021-09-16,0.0,0.0,False,Squid Game,dalgona candy,2021-09-17,,,,,,
2021-09-17,3.0,0.0,False,Squid Game,dalgona candy,2021-09-17,,,,,,
2021-09-18,11.0,0.0,False,Squid Game,dalgona candy,2021-09-17,,,,,,
2021-09-19,16.0,0.0,False,Squid Game,dalgona candy,2021-09-17,,,,,,
2021-09-20,18.0,0.0,False,Squid Game,dalgona candy,2021-09-17,,,,,,
2021-09-21,24.0,0.0,False,Squid Game,dalgona candy,2021-09-17,,,,,,
2021-09-22,29.0,0.0,False,Squid Game,dalgona candy,2021-09-17,,,,,,
2021-09-23,35.0,0.0,False,Squid Game,dalgona candy,2021-09-17,,,,,,
2021-09-24,41.0,0.0,False,Squid Game,dalgona candy,2021-09-17,,,,,,
2021-09-25,57.0,0.0,False,Squid Game,dalgona candy,2021-09-17,,,,,,
2021-09-26,67.0,0.0,False,Squid Game,dalgona candy,2021-09-17,,,,,,
2021-09-27,61.0,0.0,False,Squid Game,dalgona candy,2021-09-17,,,,,,
2021-09-28,61.0,0.0,False,Squid Game,dalgona candy,2021-09-17,,,,,,
2021-09-29,64.0,0.0,False,Squid Game,dalgona candy,2021-09-17,,,,,,
2021-09-30,70.0,0.0,False,Squid Game,dalgona candy,2021-09-17,,,,,,
2021-10-01,75.0,0.0,False,Squid Game,dalgona candy,2021-09-17,,,,,,
2021-10-02,90.0,0.0,False,Squid Game,dalgona candy,2021-09-17,,,,,,
2021-10-03,100.0,0.0,False,Squid Game,dalgona candy,2021-09-17,,,,,,
2021-10-04,76.0,0.0,False,Squid Game,dalgona candy,2021-09-17,,,,,,
2021-10-05,75.0,0.0,False,Squid Game,dalgona candy,2021-09-17,,,,,,
2021-10-06,76.0,0.0,False,Squid Game,dalgona candy,2021-09-17,,,,,,
2021-10-07,73.0,0.0,False,Squid Game,dalgona candy,2021-09-17,,,,,,
2021-10-08,67.0,0.0,False,Squid Game,dalgona candy,2021-09-17,,,,,,
2021-10-09,84.0,0.0,False,Squid Game,dalgona candy,2021-09-17,,,,,,
2021-10-10,82.0,0.0,False,Squid Game,dalgona candy,2021-09-17,,,,,,
2021-10-11,62.0,0.0,False,Squid Game,dalgona candy,2021-09-17,,,,,,
2021-10-12,57.0,0.0,False,Squid Game,dalgona candy,2021-09-17,,,,,,
2021-10-13,55.0,0.0,False,Squid Game,dalgona candy,2021-09-17,,,,,,
2021-10-14,51.0,0.0,False,Squid Game,dalgona candy,2021-09-17,,,,,,
2021-10-15,51.0,0.0,False,Squid Game,dalgona candy,2021-09-17,,,,,,
2021-10-16,56.0,0.0,False,Squid Game,dalgona candy,2021-09-17,,,,,,
2021-10-17,58.0,0.0,False,Squid Game,dalgona candy,2021-09-17,,,,,,
2021-10-18,44.0,0.0,False,Squid Game,dalgona candy,2021-09-17,,,,,,
2021-10-19,37.0,0.0,False,Squid Game,dalgona candy,2021-09-17,,,,,,
2021-10-20,34.0,0.0,False,Squid Game,dalgona candy,2021-09-17,,,,,,
2021-10-21,32.0,0.0,False,Squid Game,dalgona candy,2021-09-17,,,,,,
2021-10-22,33.0,0.0,False,Squid Game,dalgona candy,2021-09-17,,,,,,
2021-10-23,36.0,0.0,False,Squid Game,dalgona candy,2021-09-17,,,,,,
2021-10-24,35.0,0.0,False,Squid Game,dalgona candy,2021-09-17,,,,,,
2021-10-25,27.0,0.0,False,Squid Game,dalgona candy,2021-09-17,,,,,,
2021-10-26,24.0,0.0,False,Squid Game,dalgona candy,2021-09-17,,,,,,
2021-10-27,24.0,0.0,False,Squid Game,dalgona candy,2021-09-17,,,,,,
2021-10-28,23.0,0.0,False,Squid Game,dalgona candy,2021-09-17,,,,,,
2021-10-29,27.0,0.0,False,Squid Game,dalgona candy,2021-09-17,,,,,,
2021-10-30,29.0,0.0,False,Squid Game,dalgona candy,2021-09-17,,,,,,
2021-10-31,30.0,0.0,False,Squid Game,dalgona candy,2021-09-17,,,,,,
2021-11-01,24.0,0.0,False,Squid Game,dalgona candy,2021-09-17,,,,,,
2021-11-02,20.0,0.0,False,Squid Game,dalgona candy,2021-09-17,,,,,,
2021-11-03,22.0,0.0,False,Squid Game,dalgona candy,2021-09-17,,,,,,
2021-11-04,19.0,0.0,False,Squid Game,dalgona candy,2021-09-17,,,,,,
2021-11-05,18.0,0.0,False,Squid Game,dalgona candy,2021-09-17,,,,,,
2021-11-06,21.0,0.0,False,Squid Game,dalgona candy,2021-09-17,,,,,,
2021-11-07,20.0,0.0,False,Squid Game,dalgona candy,2021-09-17,,,,,,
2021-11-08,13.0,0.0,False,Squid Game,dalgona candy,2021-09-17,,,,,,
2021-11-09,14.0,0.0,False,Squid Game,dalgona candy,2021-09-17,,,,,,
2021-11-10,13.0,0.0,False,Squid Game,dalgona candy,2021-09-17,,,,,,
2021-11-11,13.0,0.0,False,Squid Game,dalgona candy,2021-09-17,,,,,,
2021-11-12,13.0,0.0,False,Squid Game,dalgona candy,2021-09-17,,,,,,
2021-11-13,16.0,0.0,False,Squid Game,dalgona candy,2021-09-17,,,,,,
2021-11-14,15.0,0.0,False,Squid Game,dalgona candy,2021-09-17,,,,,,
2021-11-15,11.0,0.0,False,Squid Game,dalgona candy,2021-09-17,,,,,,
2021-11-16,10.0,0.0,False,Squid Game,dalgona candy,2021-09-17,,,,,,
2021-11-17,9.0,0.0,False,Squid Game,dalgona candy,2021-09-17,,,,,,
2021-11-18,9.0,0.0,False,Squid Game,dalgona candy,2021-09-17,,,,,,
2021-11-19,9.0,0.0,False,Squid Game,dalgona candy,2021-09-17,,,,,,
2021-11-20,11.0,0.0,False,Squid Game,dalgona candy,2021-09-17,,,,,,
2021-11-21,11.0,0.0,False,Squid Game,dalgona candy,2021-09-17,,,,,,
2021-11-22,9.0,0.0,False,Squid Game,dalgona candy,2021-09-17,,,,,,
2021-11-23,8.0,0.0,False,Squid Game,dalgona candy,2021-09-17,,,,,,
2021-11-24,9.0,0.0,False,Squid Game,dalgona candy,2021-09-17,,,,,,
2021-11-25,11.0,0.0,False,Squid Game,dalgona candy,2021-09-17,,,,,,
2021-11-26,11.0,0.0,False,Squid Game,dalgona candy,2021-09-17,,,,,,
2021-11-27,11.0,0.0,False,Squid Game,dalgona candy,2021-09-17,,,,,,
2021-11-28,11.0,0.0,False,Squid Game,dalgona candy,2021-09-17,,,,,,
2021-11-29,7.0,0.0,False,Squid Game,dalgona candy,2021-09-17,,,,,,
2021-11-30,8.0,0.0,False,Squid Game,dalgona candy,2021-09-17,,,,,,
2021-12-01,7.0,0.0,False,Squid Game,dalgona candy,2021-09-17,,,,,,
2021-12-02,7.0,0.0,False,Squid Game,dalgona candy,2021-09-17,,,,,,
2021-12-03,7.0,0.0,False,Squid Game,dalgona candy,2021-09-17,,,,,,
2021-12-04,8.0,0.0,False,Squid Game,dalgona candy,2021-09-17,,,,,,
2021-12-05,8.0,0.0,False,Squid Game,dalgona candy,2021-09-17,,,,,,
2021-12-06,6.0,0.0,False,Squid Game,dalgona candy,2021-09-17,,,,,,
2021-12-07,6.0,0.0,False,Squid Game,dalgona candy,2021-09-17,,,,,,
2021-12-08,6.0,0.0,False,Squid Game,dalgona candy,2021-09-17,,,,,,
2021-12-09,6.0,0.0,False,Squid Game,dalgona candy,2021-09-17,,,,,,
2021-12-10,6.0,0.0,False,Squid Game,dalgona candy,2021-09-17,,,,,,
2021-12-11,7.0,0.0,False,Squid Game,dalgona candy,2021-09-17,,,,,,
2021-12-12,6.0,0.0,False,Squid Game,dalgona candy,2021-09-17,,,,,,
2021-12-13,5.0,0.0,False,Squid Game,dalgona candy,2021-09-17,,,,,,
2021-12-14,5.0,0.0,False,Squid Game,dalgona candy,2021-09-17,,,,,,
2021-12-15,5.0,0.0,False,Squid Game,dalgona candy,2021-09-17,,,,,,
2021-12-16,5.0,0.0,False,Squid Game,dalgona candy,2021-09-17,,,,,,
2021-12-17,5.0,0.0,False,Squid Game,dalgona candy,2021-09-17,,,,,,
2021-12-18,6.0,0.0,False,Squid Game,dalgona candy,2021-09-17,,,,,,
2021-12-19,6.0,0.0,False,Squid Game,dalgona candy,2021-09-17,,,,,,
2021-12-20,5.0,0.0,False,Squid Game,dalgona candy,2021-09-17,,,,,,
2021-12-21,5.0,0.0,False,Squid Game,dalgona candy,2021-09-17,,,,,,
2021-12-22,5.0,0.0,False,Squid Game,dalgona candy,2021-09-17,,,,,,
2021-12-23,5.0,0.0,False,Squid Game,dalgona candy,2021-09-17,,,,,,
2021-12-24,5.0,0.0,False,Squid Game,dalgona candy,2021-09-17,,,,,,
2021-12-25,6.0,0.0,False,Squid Game,dalgona candy,2021-09-17,,,,,,
2021-12-26,6.0,0.0,False,Squid Game,dalgona candy,2021-09-17,,,,,,
2021-12-27,5.0,0.0,False,Squid Game,dalgona candy,2021-09-17,,,,,,
2021-12-28,5.0,0.0,False,Squid Game,dalgona candy,2021-09-17,,,,,,
2021-12-29,5.0,0.0,False,Squid Game,dalgona candy,2021-09-17,,,,,,
2021-12-30,5.0,0.0,False,Squid Game,dalgona candy,2021-09-17,,,,,,
2021-12-31,5.0,0.0,False,Squid Game,dalgona candy,2021-09-17,,,,,,
2022-01-01,6.0,0.0,False,Squid Game,dalgona candy,2021-09-17,,,,,,
2022-01-02,6.0,0.0,False,Squid Game,dalgona candy,2021-09-17,,,,,,
2022-01-03,5.0,0.0,False,Squid Game,dalgona candy,2021-09-17,,,,,,
2022-01-04,10.0,0.0,False,Squid Game,dalgona candy,2021-09-17,,,,,,
2022-01-05,3.0,0.0,False,Squid Game,dalgona candy,2021-09-17,,,,,,
2022-01-06,3.0,0.0,False,Squid Game,dalgona candy,2021-09-17,,,,,,
2022-01-07,4.0,0.0,False,Squid Game,dalgona candy,2021-09-17,,,,,,
2022-01-08,5.0,0.0,False,Squid Game,dalgona candy,2021-09-17,,,,,,
2022-01-09,5.0,0.0,False,Squid Game,dalgona candy,2021-09-17,,,,,,
2022-01-10,4.0,0.0,False,Squid Game,dalgona candy,2021-09-17,,,,,,
2022-01-11,4.0,0.0,False,Squid Game,dalgona candy,2021-09-17,,,,,,
2022-01-12,3.0,0.0,False,Squid Game,dalgona candy,2021-09-17,,,,,,
2022-01-13,6.0,0.0,False,Squid Game,dalgona candy,2021-09-17,,,,,,
2022-01-14,3.0,0.0,False,Squid Game,dalgona candy,2021-09-17,,,,,,
2022-01-15,4.0,0.0,False,Squid Game,dalgona candy,2021-09-17,,,,,,
2022-01-16,7.0,0.0,False,Squid Game,dalgona candy,2021-09-17,,,,,,
2022-01-17,2.0,0.0,False,Squid Game,dalgona candy,2021-09-17,,,,,,
2022-01-18,2.0,0.0,False,Squid Game,dalgona candy,2021-09-17,,,,,,
2022-01-19,3.0,0.0,False,Squid Game,dalgona candy,2021-09-17,,,,,,
2022-01-20,3.0,0.0,False,Squid Game,dalgona candy,2021-09-17,,,,,,
2022-01-21,3.0,0.0,False,Squid Game,dalgona candy,2021-09-17,,,,,,
2022-01-22,4.0,0.0,False,Squid Game,dalgona candy,2021-09-17,,,,,,
2022-01-23,4.0,0.0,False,Squid Game,dalgona candy,2021-09-17,,,,,,
2022-01-24,7.0,0.0,False,Squid Game,dalgona candy,2021-09-17,,,,,,
2022-01-25,3.0,0.0,False,Squid Game,dalgona candy,2021-09-17,,,,,,
2022-01-26,2.0,0.0,False,Squid Game,dalgona candy,2021-09-17,,,,,,
2022-01-27,2.0,0.0,False,Squid Game,dalgona candy,2021-09-17,,,,,,
2022-01-28,3.0,0.0,False,Squid Game,dalgona candy,2021-09-17,,,,,,
2022-01-29,4.0,0.0,False,Squid Game,dalgona candy,2021-09-17,,,,,,
2022-01-30,4.0,0.0,False,Squid Game,dalgona candy,2021-09-17,,,,,,
2022-01-31,3.0,0.0,False,Squid Game,dalgona candy,2021-09-17,,,,,,
2022-02-01,3.0,0.0,False,Squid Game,dalgona candy,2021-09-17,,,,,,
2022-02-02,3.0,0.0,False,Squid Game,dalgona candy,2021-09-17,,,,,,
2022-02-03,3.0,0.0,False,Squid Game,dalgona candy,2021-09-17,,,,,,
2022-02-04,3.0,0.0,False,Squid Game,dalgona candy,2021-09-17,,,,,,
2022-02-05,3.0,0.0,False,Squid Game,dalgona candy,2021-09-17,,,,,,
2022-02-06,3.0,0.0,False,Squid Game,dalgona candy,2021-09-17,,,,,,
2022-02-07,3.0,0.0,False,Squid Game,dalgona candy,2021-09-17,,,,,,
2022-02-08,3.0,0.0,False,Squid Game,dalgona candy,2021-09-17,,,,,,
2022-02-09,3.0,0.0,False,Squid Game,dalgona candy,2021-09-17,,,,,,
2022-02-10,2.0,0.0,False,Squid Game,dalgona candy,2021-09-17,,,,,,
2022-02-11,2.0,0.0,False,Squid Game,dalgona candy,2021-09-17,,,,,,
2022-02-12,3.0,0.0,False,Squid Game,dalgona candy,2021-09-17,,,,,,
2022-02-13,3.0,0.0,False,Squid Game,dalgona candy,2021-09-17,,,,,,
2022-02-14,2.0,0.0,False,Squid Game,dalgona candy,2021-09-17,,,,,,
2022-02-15,2.0,0.0,False,Squid Game,dalgona candy,2021-09-17,,,,,,
2022-02-16,2.0,0.0,False,Squid Game,dalgona candy,2021-09-17,,,,,,
2022-02-17,2.0,0.0,False,Squid Game,dalgona candy,2021-09-17,,,,,,
2022-02-18,2.0,0.0,False,Squid Game,dalgona candy,2021-09-17,,,,,,
2022-02-19,3.0,0.0,False,Squid Game,dalgona candy,2021-09-17,,,,,,
2022-02-20,3.0,0.0,False,Squid Game,dalgona candy,2021-09-17,,,,,,
2022-02-21,2.0,0.0,False,Squid Game,dalgona candy,2021-09-17,,,,,,
2022-02-22,2.0,0.0,False,Squid Game,dalgona candy,2021-09-17,,,,,,
2022-02-23,2.0,0.0,False,Squid Game,dalgona candy,2021-09-17,,,,,,
2022-02-24,2.0,0.0,False,Squid Game,dalgona candy,2021-09-17,,,,,,
2022-02-25,2.0,0.0,False,Squid Game,dalgona candy,2021-09-17,,,,,,
2022-02-26,2.0,0.0,False,Squid Game,dalgona candy,2021-09-17,,,,,,
2022-02-27,2.0,0.0,False,Squid Game,dalgona candy,2021-09-17,,,,,,
2022-02-28,3.0,0.0,False,Squid Game,dalgona candy,2021-09-17,,,,,,
2024-08-01,,,False,Culinary Class Wars,Korean cooking,2024-09-17,0.0,2.0,,,,
2024-08-02,,,False,Culinary Class Wars,Korean cooking,2024-09-17,0.0,2.0,,,,
2024-08-03,,,False,Culinary Class Wars,Korean cooking,2024-09-17,0.0,2.0,,,,
2024-08-04,,,False,Culinary Class Wars,Korean cooking,2024-09-17,0.0,3.0,,,,
2024-08-05,,,False,Culinary Class Wars,Korean cooking,2024-09-17,0.0,2.0,,,,
2024-08-06,,,False,Culinary Class Wars,Korean cooking,2024-09-17,0.0,3.0,,,,
2024-08-07,,,False,Culinary Class Wars,Korean cooking,2024-09-17,0.0,1.0,,,,
2024-08-08,,,False,Culinary Class Wars,Korean cooking,2024-09-17,0.0,2.0,,,,
2024-08-09,,,False,Culinary Class Wars,Korean cooking,2024-09-17,0.0,2.0,,,,
2024-08-10,,,False,Culinary Class Wars,Korean cooking,2024-09-17,0.0,2.0,,,,
2024-08-11,,,False,Culinary Class Wars,Korean cooking,2024-09-17,0.0,3.0,,,,
2024-08-12,,,False,Culinary Class Wars,Korean cooking,2024-09-17,0.0,2.0,,,,
2024-08-13,,,False,Culinary Class Wars,Korean cooking,2024-09-17,0.0,2.0,,,,
2024-08-14,,,False,Culinary Class Wars,Korean cooking,2024-09-17,0.0,2.0,,,,
2024-08-15,,,False,Culinary Class Wars,Korean cooking,2024-09-17,0.0,2.0,,,,
2024-08-16,,,False,Culinary Class Wars,Korean cooking,2024-09-17,0.0,2.0,,,,
2024-08-17,,,False,Culinary Class Wars,Korean cooking,2024-09-17,0.0,3.0,,,,
2024-08-18,,,False,Culinary Class Wars,Korean cooking,2024-09-17,0.0,4.0,,,,
2024-08-19,,,False,Culinary Class Wars,Korean cooking,2024-09-17,0.0,3.0,,,,
2024-08-20,,,False,Culinary Class Wars,Korean cooking,2024-09-17,0.0,1.0,,,,
2024-08-21,,,False,Culinary Class Wars,Korean cooking,2024-09-17,0.0,2.0,,,,
2024-08-22,,,False,Culinary Class Wars,Korean cooking,2024-09-17,0.0,2.0,,,,
2024-08-23,,,False,Culinary Class Wars,Korean cooking,2024-09-17,0.0,2.0,,,,
2024-08-24,,,False,Culinary Class Wars,Korean cooking,2024-09-17,0.0,2.0,,,,
2024-08-25,,,False,Culinary Class Wars,Korean cooking,2024-09-17,0.0,2.0,,,,
2024-08-26,,,False,Culinary Class Wars,Korean cooking,2024-09-17,0.0,2.0,,,,
2024-08-27,,,False,Culinary Class Wars,Korean cooking,2024-09-17,0.0,3.0,,,,
2024-08-28,,,False,Culinary Class Wars,Korean cooking,2024-09-17,0.0,2.0,,,,
2024-08-29,,,False,Culinary Class Wars,Korean cooking,2024-09-17,0.0,1.0,,,,
2024-08-30,,,False,Culinary Class Wars,Korean cooking,2024-09-17,0.0,3.0,,,,
2024-08-31,,,False,Culinary Class Wars,Korean cooking,2024-09-17,0.0,2.0,,,,
2024-09-01,,,False,Culinary Class Wars,Korean cooking,2024-09-17,0.0,3.0,,,,
2024-09-02,,,False,Culinary Class Wars,Korean cooking,2024-09-17,0.0,3.0,,,,
2024-09-03,,,False,Culinary Class Wars,Korean cooking,2024-09-17,0.0,3.0,,,,
2024-09-04,,,False,Culinary Class Wars,Korean cooking,2024-09-17,0.0,2.0,,,,
2024-09-05,,,False,Culinary Class Wars,Korean cooking,2024-09-17,0.0,2.0,,,,
2024-09-06,,,False,Culinary Class Wars,Korean cooking,2024-09-17,0.0,1.0,,,,
2024-09-07,,,False,Culinary Class Wars,Korean cooking,2024-09-17,0.0,4.0,,,,
2024-09-08,,,False,Culinary Class Wars,Korean cooking,2024-09-17,0.0,3.0,,,,
2024-09-09,,,False,Culinary Class Wars,Korean cooking,2024-09-17,0.0,1.0,,,,
2024-09-10,,,False,Culinary Class Wars,Korean cooking,2024-09-17,0.0,2.0,,,,
2024-09-11,,,False,Culinary Class Wars,Korean cooking,2024-09-17,0.0,2.0,,,,
2024-09-12,,,False,Culinary Class Wars,Korean cooking,2024-09-17,0.0,3.0,,,,
2024-09-13,,,False,Culinary Class Wars,Korean cooking,2024-09-17,0.0,1.0,,,,
2024-09-14,,,False,Culinary Class Wars,Korean cooking,2024-09-17,0.0,2.0,,,,
2024-09-15,,,False,Culinary Class Wars,Korean cooking,2024-09-17,0.0,3.0,,,,
2024-09-16,,,False,Culinary Class Wars,Korean cooking,2024-09-17,0.0,2.0,,,,
2024-09-17,,,False,Culinary Class Wars,Korean cooking,2024-09-17,10.0,2.0,,,,
2024-09-18,,,False,Culinary Class Wars,Korean cooking,2024-09-17,16.0,4.0,,,,
2024-09-19,,,False,Culinary Class Wars,Korean cooking,2024-09-17,14.0,3.0,,,,
2024-09-20,,,False,Culinary Class Wars,Korean cooking,2024-09-17,20.0,4.0,,,,
2024-09-21,,,False,Culinary Class Wars,Korean cooking,2024-09-17,25.0,5.0,,,,
2024-09-22,,,False,Culinary Class Wars,Korean cooking,2024-09-17,29.0,7.0,,,,
2024-09-23,,,False,Culinary Class Wars,Korean cooking,2024-09-17,28.0,5.0,,,,
2024-09-24,,,False,Culinary Class Wars,Korean cooking,2024-09-17,43.0,5.0,,,,
2024-09-25,,,False,Culinary Class Wars,Korean cooking,2024-09-17,39.0,5.0,,,,
2024-09-26,,,False,Culinary Class Wars,Korean cooking,2024-09-17,37.0,5.0,,,,
2024-09-27,,,False,Culinary Class Wars,Korean cooking,2024-09-17,34.0,5.0,,,,
2024-09-28,,,False,Culinary Class Wars,Korean cooking,2024-09-17,38.0,4.0,,,,
2024-09-29,,,False,Culinary Class Wars,Korean cooking,2024-09-17,39.0,6.0,,,,
2024-09-30,,,False,Culinary Class Wars,Korean cooking,2024-09-17,30.0,5.0,,,,
2024-10-01,,,False,Culinary Class Wars,Korean cooking,2024-09-17,49.0,5.0,,,,
2024-10-02,,,False,Culinary Class Wars,Korean cooking,2024-09-17,55.0,5.0,,,,
2024-10-03,,,False,Culinary Class Wars,Korean cooking,2024-09-17,50.0,4.0,,,,
2024-10-04,,,False,Culinary Class Wars,Korean cooking,2024-09-17,46.0,5.0,,,,
2024-10-05,,,False,Culinary Class Wars,Korean cooking,2024-09-17,50.0,8.0,,,,
2024-10-06,,,False,Culinary Class Wars,Korean cooking,2024-09-17,51.0,7.0,,,,
2024-10-07,,,False,Culinary Class Wars,Korean cooking,2024-09-17,47.0,6.0,,,,
2024-10-08,,,False,Culinary Class Wars,Korean cooking,2024-09-17,100.0,6.0,,,,
2024-10-09,,,False,Culinary Class Wars,Korean cooking,2024-09-17,93.0,8.0,,,,
2024-10-10,,,False,Culinary Class Wars,Korean cooking,2024-09-17,63.0,6.0,,,,
2024-10-11,,,False,Culinary Class Wars,Korean cooking,2024-09-17,57.0,6.0,,,,
2024-10-12,,,False,Culinary Class Wars,Korean cooking,2024-09-17,68.0,8.0,,,,
2024-10-13,,,False,Culinary Class Wars,Korean cooking,2024-09-17,72.0,9.0,,,,
2024-10-14,,,False,Culinary Class Wars,Korean cooking,2024-09-17,47.0,6.0,,,,
2024-10-15,,,False,Culinary Class Wars,Korean cooking,2024-09-17,47.0,4.0,,,,
2024-10-16,,,False,Culinary Class Wars,Korean cooking,2024-09-17,46.0,5.0,,,,
2024-10-17,,,False,Culinary Class Wars,Korean cooking,2024-09-17,38.0,5.0,,,,
2024-10-18,,,False,Culinary Class Wars,Korean cooking,2024-09-17,39.0,5.0,,,,
2024-10-19,,,False,Culinary Class Wars,Korean cooking,2024-09-17,47.0,5.0,,,,
2024-10-20,,,False,Culinary Class Wars,Korean cooking,2024-09-17,53.0,6.0,,,,
2024-10-21,,,False,Culinary Class Wars,Korean cooking,2024-09-17,39.0,4.0,,,,
2024-10-22,,,False,Culinary Class Wars,Korean cooking,2024-09-17,37.0,4.0,,,,
2024-10-23,,,False,Culinary Class Wars,Korean cooking,2024-09-17,34.0,5.0,,,,
2024-10-24,,,False,Culinary Class Wars,Korean cooking,2024-09-17,33.0,5.0,,,,
2024-10-25,,,False,Culinary Class Wars,Korean cooking,2024-09-17,37.0,5.0,,,,
2024-10-26,,,False,Culinary Class Wars,Korean cooking,2024-09-17,38.0,4.0,,,,
2024-10-27,,,False,Culinary Class Wars,Korean cooking,2024-09-17,46.0,6.0,,,,
2024-10-28,,,False,Culinary Class Wars,Korean cooking,2024-09-17,31.0,4.0,,,,
2024-10-29,,,False,Culinary Class Wars,Korean cooking,2024-09-17,28.0,3.0,,,,
2024-10-30,,,False,Culinary Class Wars,Korean cooking,2024-09-17,32.0,5.0,,,,
2024-10-31,,,False,Culinary Class Wars,Korean cooking,2024-09-17,29.0,4.0,,,,
2024-11-01,,,False,Culinary Class Wars,Korean cooking,2024-09-17,30.0,3.0,,,,
2024-11-02,,,False,Culinary Class Wars,Korean cooking,2024-09-17,36.0,5.0,,,,
2024-11-03,,,False,Culinary Class Wars,Korean cooking,2024-09-17,32.0,4.0,,,,
2024-11-04,,,False,Culinary Class Wars,Korean cooking,2024-09-17,28.0,5.0,,,,
2024-11-05,,,False,Culinary Class Wars,Korean cooking,2024-09-17,20.0,4.0,,,,
2024-11-06,,,False,Culinary Class Wars,Korean cooking,2024-09-17,18.0,3.0,,,,
2024-11-07,,,False,Culinary Class Wars,Korean cooking,2024-09-17,20.0,3.0,,,,
2024-11-08,,,False,Culinary Class Wars,Korean cooking,2024-09-17,20.0,3.0,,,,
2024-11-09,,,False,Culinary Class Wars,Korean cooking,2024-09-17,26.0,4.0,,,,
2024-11-10,,,False,Culinary Class Wars,Korean cooking,2024-09-17,25.0,4.0,,,,
2024-11-11,,,False,Culinary Class Wars,Korean cooking,2024-09-17,20.0,3.0,,,,
2024-11-12,,,False,Culinary Class Wars,Korean cooking,2024-09-17,18.0,5.0,,,,
2024-11-13,,,False,Culinary Class Wars,Korean cooking,2024-09-17,17.0,3.0,,,,
2024-11-14,,,False,Culinary Class Wars,Korean cooking,2024-09-17,16.0,3.0,,,,
2024-11-15,,,False,Culinary Class Wars,Korean cooking,2024-09-17,16.0,4.0,,,,
2024-11-16,,,False,Culinary Class Wars,Korean cooking,2024-09-17,19.0,3.0,,,,
2024-11-17,,,False,Culinary Class Wars,Korean cooking,2024-09-17,18.0,3.0,,,,
2024-11-18,,,False,Culinary Class Wars,Korean cooking,2024-09-17,19.0,4.0,,,,
2024-11-19,,,False,Culinary Class Wars,Korean cooking,2024-09-17,13.0,3.0,,,,
2024-11-20,,,False,Culinary Class Wars,Korean cooking,2024-09-17,12.0,2.0,,,,
2024-11-21,,,False,Culinary Class Wars,Korean cooking,2024-09-17,14.0,4.0,,,,
2024-11-22,,,False,Culinary Class Wars,Korean cooking,2024-09-17,11.0,3.0,,,,
2024-11-23,,,False,Culinary Class Wars,Korean cooking,2024-09-17,15.0,4.0,,,,
2024-11-24,,,False,Culinary Class Wars,Korean cooking,2024-09-17,16.0,5.0,,,,
2024-11-25,,,False,Culinary Class Wars,Korean cooking,2024-09-17,11.0,3.0,,,,
2024-11-26,,,False,Culinary Class Wars,Korean cooking,2024-09-17,10.0,3.0,,,,
2024-11-27,,,False,Culinary Class Wars,Korean cooking,2024-09-17,11.0,3.0,,,,
2024-11-28,,,False,Culinary Class Wars,Korean cooking,2024-09-17,14.0,4.0,,,,
2024-11-29,,,False,Culinary Class Wars,Korean cooking,2024-09-17,12.0,4.0,,,,
2024-11-30,,,False,Culinary Class Wars,Korean cooking,2024-09-17,13.0,5.0,,,,
2020-01-01,,,False,Itaewon Class,Korean street food,2020-01-31,,,0.0,0.0,,
2020-01-02,,,False,Itaewon Class,Korean street food,2020-01-31,,,0.0,0.0,,
2020-01-03,,,False,Itaewon Class,Korean street food,2020-01-31,,,0.0,0.0,,
2020-01-04,,,False,Itaewon Class,Korean street food,2020-01-31,,,0.0,0.0,,
2020-01-05,,,False,Itaewon Class,Korean street food,2020-01-31,,,0.0,0.0,,
2020-01-06,,,False,Itaewon Class,Korean street food,2020-01-31,,,0.0,0.0,,
2020-01-07,,,False,Itaewon Class,Korean street food,2020-01-31,,,0.0,0.0,,
2020-01-08,,,False,Itaewon Class,Korean street food,2020-01-31,,,0.0,0.0,,
2020-01-09,,,False,Itaewon Class,Korean street food,2020-01-31,,,0.0,0.0,,
2020-01-10,,,False,Itaewon Class,Korean street food,2020-01-31,,,0.0,0.0,,
2020-01-11,,,False,Itaewon Class,Korean street food,2020-01-31,,,0.0,0.0,,
2020-01-12,,,False,Itaewon Class,Korean street food,2020-01-31,,,0.0,0.0,,
2020-01-13,,,False,Itaewon Class,Korean street food,2020-01-31,,,0.0,0.0,,
2020-01-14,,,False,Itaewon Class,Korean street food,2020-01-31,,,0.0,0.0,,
2020-01-15,,,False,Itaewon Class,Korean street food,2020-01-31,,,0.0,0.0,,
2020-01-16,,,False,Itaewon Class,Korean street food,2020-01-31,,,0.0,0.0,,
2020-01-17,,,False,Itaewon Class,Korean street food,2020-01-31,,,0.0,0.0,,
2020-01-18,,,False,Itaewon Class,Korean street food,2020-01-31,,,0.0,0.0,,
2020-01-19,,,False,Itaewon Class,Korean street food,2020-01-31,,,0.0,0.0,,
2020-01-20,,,False,Itaewon Class,Korean street food,2020-01-31,,,0.0,0.0,,
2020-01-21,,,False,Itaewon Class,Korean street food,2020-01-31,,,0.0,0.0,,
2020-01-22,,,False,Itaewon Class,Korean street food,2020-01-31,,,0.0,0.0,,
2020-01-23,,,False,Itaewon Class,Korean street food,2020-01-31,,,0.0,0.0,,
2020-01-24,,,False,Itaewon Class,Korean street food,2020-01-31,,,0.0,0.0,,
2020-01-25,,,False,Itaewon Class,Korean street food,2020-01-31,,,0.0,0.0,,
2020-01-26,,,False,Itaewon Class,Korean street food,2020-01-31,,,0.0,0.0,,
2020-01-27,,,False,Itaewon Class,Korean street food,2020-01-31,,,0.0,0.0,,
2020-01-28,,,False,Itaewon Class,Korean street food,2020-01-31,,,0.0,0.0,,
2020-01-29,,,False,Itaewon Class,Korean street food,2020-01-31,,,0.0,0.0,,
2020-01-30,,,False,Itaewon Class,Korean street food,2020-01-31,,,0.0,0.0,,
2020-01-31,,,False,Itaewon Class,Korean street food,2020-01-31,,,2.0,0.0,,
2020-02-01,,,False,Itaewon Class,Korean street food,2020-01-31,,,6.0,0.0,,
2020-02-02,,,False,Itaewon Class,Korean street food,2020-01-31,,,7.0,0.0,,
2020-02-03,,,False,Itaewon Class,Korean street food,2020-01-31,,,4.0,0.0,,
2020-02-04,,,False,Itaewon Class,Korean street food,2020-01-31,,,3.0,0.0,,
2020-02-05,,,False,Itaewon Class,Korean street food,2020-01-31,,,3.0,0.0,,
2020-02-06,,,False,Itaewon Class,Korean street food,2020-01-31,,,3.0,0.0,,
2020-02-07,,,False,Itaewon Class,Korean street food,2020-01-31,,,5.0,0.0,,
2020-02-08,,,False,Itaewon Class,Korean street food,2020-01-31,,,10.0,0.0,,
2020-02-09,,,False,Itaewon Class,Korean street food,2020-01-31,,,10.0,0.0,,
2020-02-10,,,False,Itaewon Class,Korean street food,2020-01-31,,,5.0,0.0,,
2020-02-11,,,False,Itaewon Class,Korean street food,2020-01-31,,,5.0,0.0,,
2020-02-12,,,False,Itaewon Class,Korean street food,2020-01-31,,,5.0,0.0,,
2020-02-13,,,False,Itaewon Class,Korean street food,2020-01-31,,,10.0,0.0,,
2020-02-14,,,False,Itaewon Class,Korean street food,2020-01-31,,,11.0,0.0,,
2020-02-15,,,False,Itaewon Class,Korean street food,2020-01-31,,,19.0,0.0,,
2020-02-16,,,False,Itaewon Class,Korean street food,2020-01-31,,,19.0,0.0,,
2020-02-17,,,False,Itaewon Class,Korean street food,2020-01-31,,,19.0,0.0,,
2020-02-18,,,False,Itaewon Class,Korean street food,2020-01-31,,,20.0,0.0,,
2020-02-19,,,False,Itaewon Class,Korean street food,2020-01-31,,,32.0,0.0,,
2020-02-20,,,False,Itaewon Class,Korean street food,2020-01-31,,,35.0,0.0,,
2020-02-21,,,False,Itaewon Class,Korean street food,2020-01-31,,,44.0,0.0,,
2020-02-22,,,False,Itaewon Class,Korean street food,2020-01-31,,,53.0,0.0,,
2020-02-23,,,False,Itaewon Class,Korean street food,2020-01-31,,,45.0,0.0,,
2020-02-24,,,False,Itaewon Class,Korean street food,2020-01-31,,,27.0,0.0,,
2020-02-25,,,False,Itaewon Class,Korean street food,2020-01-31,,,21.0,0.0,,
2020-02-26,,,False,Itaewon Class,Korean street food,2020-01-31,,,17.0,0.0,,
2020-02-27,,,False,Itaewon Class,Korean street food,2020-01-31,,,14.0,0.0,,
2020-02-28,,,False,Itaewon Class,Korean street food,2020-01-31,,,33.0,0.0,,
2020-02-29,,,False,Itaewon Class,Korean street food,2020-01-31,,,54.0,0.0,,
2020-03-01,,,False,Itaewon Class,Korean street food,2020-01-31,,,40.0,0.0,,
2020-03-02,,,False,Itaewon Class,Korean street food,2020-01-31,,,21.0,0.0,,
2020-03-03,,,False,Itaewon Class,Korean street food,2020-01-31,,,15.0,0.0,,
2020-03-04,,,False,Itaewon Class,Korean street food,2020-01-31,,,15.0,0.0,,
2020-03-05,,,False,Itaewon Class,Korean street food,2020-01-31,,,14.0,0.0,,
2020-03-06,,,False,Itaewon Class,Korean street food,2020-01-31,,,31.0,0.0,,
2020-03-07,,,False,Itaewon Class,Korean street food,2020-01-31,,,58.0,0.0,,
2020-03-08,,,False,Itaewon Class,Korean street food,2020-01-31,,,49.0,0.0,,
2020-03-09,,,False,Itaewon Class,Korean street food,2020-01-31,,,25.0,0.0,,
2020-03-10,,,False,Itaewon Class,Korean street food,2020-01-31,,,19.0,0.0,,
2020-03-11,,,False,Itaewon Class,Korean street food,2020-01-31,,,16.0,0.0,,
2020-03-12,,,False,Itaewon Class,Korean street food,2020-01-31,,,17.0,0.0,,
2020-03-13,,,False,Itaewon Class,Korean street food,2020-01-31,,,42.0,0.0,,
2020-03-14,,,False,Itaewon Class,Korean street food,2020-01-31,,,76.0,0.0,,
2020-03-15,,,False,Itaewon Class,Korean street food,2020-01-31,,,61.0,0.0,,
2020-03-16,,,False,Itaewon Class,Korean street food,2020-01-31,,,33.0,0.0,,
2020-03-17,,,False,Itaewon Class,Korean street food,2020-01-31,,,28.0,0.0,,
2020-03-18,,,False,Itaewon Class,Korean street food,2020-01-31,,,26.0,0.0,,
2020-03-19,,,False,Itaewon Class,Korean street food,2020-01-31,,,28.0,0.0,,
2020-03-20,,,False,Itaewon Class,Korean street food,2020-01-31,,,57.0,0.0,,
2020-03-21,,,False,Itaewon Class,Korean street food,2020-01-31,,,100.0,0.0,,
2020-03-22,,,False,Itaewon Class,Korean street food,2020-01-31,,,81.0,0.0,,
2020-03-23,,,False,Itaewon Class,Korean street food,2020-01-31,,,39.0,0.0,,
2020-03-24,,,False,Itaewon Class,Korean street food,2020-01-31,,,35.0,0.0,,
2020-03-25,,,False,Itaewon Class,Korean street food,2020-01-31,,,32.0,0.0,,
2020-03-26,,,False,Itaewon Class,Korean street food,2020-01-31,,,30.0,0.0,,
2020-03-27,,,False,Itaewon Class,Korean street food,2020-01-31,,,28.0,0.0,,
2020-03-28,,,False,Itaewon Class,Korean street food,2020-01-31,,,37.0,0.0,,
2020-03-29,,,False,Itaewon Class,Korean street food,2020-01-31,,,37.0,0.0,,
2020-03-30,,,False,Itaewon Class,Korean street food,2020-01-31,,,29.0,0.0,,
2020-03-31,,,False,Itaewon Class,Korean street food,2020-01-31,,,27.0,0.0,,
2020-04-01,,,False,Itaewon Class,Korean street food,2020-01-31,,,24.0,0.0,,
2020-04-02,,,False,Itaewon Class,Korean street food,2020-01-31,,,25.0,0.0,,
2020-04-03,,,False,Itaewon Class,Korean street food,2020-01-31,,,24.0,0.0,,
2020-04-04,,,False,Itaewon Class,Korean street food,2020-01-31,,,29.0,0.0,,
2020-04-05,,,False,Itaewon Class,Korean street food,2020-01-31,,,29.0,0.0,,
2020-04-06,,,False,Itaewon Class,Korean street food,2020-01-31,,,21.0,0.0,,
2020-04-07,,,False,Itaewon Class,Korean street food,2020-01-31,,,21.0,0.0,,
2020-04-08,,,False,Itaewon Class,Korean street food,2020-01-31,,,24.0,0.0,,
2020-04-09,,,False,Itaewon Class,Korean street food,2020-01-31,,,21.0,0.0,,
2020-04-10,,,False,Itaewon Class,Korean street food,2020-01-31,,,22.0,0.0,,
2020-04-11,,,False,Itaewon Class,Korean street food,2020-01-31,,,23.0,0.0,,
2020-04-12,,,False,Itaewon Class,Korean street food,2020-01-31,,,23.0,0.0,,
2020-04-13,,,False,Itaewon Class,Korean street food,2020-01-31,,,20.0,0.0,,
2020-04-14,,,False,Itaewon Class,Korean street food,2020-01-31,,,18.0,0.0,,
2020-04-15,,,False,Itaewon Class,Korean street food,2020-01-31,,,17.0,0.0,,
2020-04-16,,,False,Itaewon Class,Korean street food,2020-01-31,,,17.0,0.0,,
2020-04-17,,,False,Itaewon Class,Korean street food,2020-01-31,,,16.0,0.0,,
2020-04-18,,,False,Itaewon Class,Korean street food,2020-01-31,,,17.0,0.0,,
2020-04-19,,,False,Itaewon Class,Korean street food,2020-01-31,,,17.0,0.0,,
2020-04-20,,,False,Itaewon Class,Korean street food,2020-01-31,,,14.0,0.0,,
2020-04-21,,,False,Itaewon Class,Korean street food,2020-01-31,,,14.0,0.0,,
2020-04-22,,,False,Itaewon Class,Korean street food,2020-01-31,,,13.0,0.0,,
2020-04-23,,,False,Itaewon Class,Korean street food,2020-01-31,,,12.0,0.0,,
2020-04-24,,,False,Itaewon Class,Korean street food,2020-01-31,,,13.0,0.0,,
2020-04-25,,,False,Itaewon Class,Korean street food,2020-01-31,,,14.0,0.0,,
2020-04-26,,,False,Itaewon Class,Korean street food,2020-01-31,,,15.0,0.0,,
2020-04-27,,,False,Itaewon Class,Korean street food,2020-01-31,,,12.0,0.0,,
2020-04-28,,,False,Itaewon Class,Korean street food,2020-01-31,,,11.0,0.0,,
2020-04-29,,,False,Itaewon Class,Korean street food,2020-01-31,,,11.0,0.0,,
2020-04-30,,,False,Itaewon Class,Korean street food,2020-01-31,,,12.0,0.0,,
2020-05-01,,,False,Itaewon Class,Korean street food,2020-01-31,,,13.0,0.0,,
2020-05-02,,,False,Itaewon Class,Korean street food,2020-01-31,,,13.0,0.0,,
2020-05-03,,,False,Itaewon Class,Korean street food,2020-01-31,,,13.0,0.0,,
2020-05-04,,,False,Itaewon Class,Korean street food,2020-01-31,,,10.0,0.0,,
2020-05-05,,,False,Itaewon Class,Korean street food,2020-01-31,,,10.0,0.0,,
2020-05-06,,,False,Itaewon Class,Korean street food,2020-01-31,,,10.0,0.0,,
2020-05-07,,,False,Itaewon Class,Korean street food,2020-01-31,,,10.0,0.0,,
2020-05-08,,,False,Itaewon Class,Korean street food,2020-01-31,,,10.0,0.0,,
2020-05-09,,,False,Itaewon Class,Korean street food,2020-01-31,,,11.0,0.0,,
2020-05-10,,,False,Itaewon Class,Korean street food,2020-01-31,,,10.0,0.0,,
2020-05-11,,,False,Itaewon Class,Korean street food,2020-01-31,,,9.0,0.0,,
2020-05-12,,,False,Itaewon Class,Korean street food,2020-01-31,,,8.0,0.0,,
2020-05-13,,,False,Itaewon Class,Korean street food,2020-01-31,,,9.0,0.0,,
2020-05-14,,,False,Itaewon Class,Korean street food,2020-01-31,,,9.0,0.0,,
2020-05-15,,,False,Itaewon Class,Korean street food,2020-01-31,,,8.0,0.0,,
2020-05-16,,,False,Itaewon Class,Korean street food,2020-01-31,,,9.0,0.0,,
2020-05-17,,,False,Itaewon Class,Korean street food,2020-01-31,,,9.0,0.0,,
2020-05-18,,,False,Itaewon Class,Korean street food,2020-01-31,,,8.0,0.0,,
2020-05-19,,,False,Itaewon Class,Korean street food,2020-01-31,,,7.0,0.0,,
2020-05-20,,,False,Itaewon Class,Korean street food,2020-01-31,,,7.0,0.0,,
2020-05-21,,,False,Itaewon Class,Korean street food,2020-01-31,,,8.0,0.0,,
2020-05-22,,,False,Itaewon Class,Korean street food,2020-01-31,,,7.0,0.0,,
2020-05-23,,,False,Itaewon Class,Korean street food,2020-01-31,,,7.0,0.0,,
2020-05-24,,,False,Itaewon Class,Korean street food,2020-01-31,,,8.0,0.0,,
2020-05-25,,,False,Itaewon Class,Korean street food,2020-01-31,,,8.0,0.0,,
2020-05-26,,,False,Itaewon Class,Korean street food,2020-01-31,,,7.0,0.0,,
2020-05-27,,,False,Itaewon Class,Korean street food,2020-01-31,,,7.0,0.0,,
2020-05-28,,,False,Itaewon Class,Korean street food,2020-01-31,,,7.0,0.0,,
2020-05-29,,,False,Itaewon Class,Korean street food,2020-01-31,,,7.0,0.0,,
2020-05-30,,,False,Itaewon Class,Korean street food,2020-01-31,,,7.0,0.0,,
2020-05-31,,,False,Itaewon Class,Korean street food,2020-01-31,,,8.0,0.0,,
2020-06-01,,,False,Itaewon Class,Korean street food,2020-01-31,,,6.0,0.0,,
2020-06-02,,,False,Itaewon Class,Korean street food,2020-01-31,,,6.0,0.0,,
2020-06-03,,,False,Itaewon Class,Korean street food,2020-01-31,,,6.0,0.0,,
2020-06-04,,,False,Itaewon Class,Korean street food,2020-01-31,,,6.0,0.0,,
2020-06-05,,,False,Itaewon Class,Korean street food,2020-01-31,,,7.0,0.0,,
2020-06-06,,,False,Itaewon Class,Korean street food,2020-01-31,,,7.0,0.0,,
2020-06-07,,,False,Itaewon Class,Korean street food,2020-01-31,,,7.0,0.0,,
2020-06-08,,,False,Itaewon Class,Korean street food,2020-01-31,,,6.0,0.0,,
2020-06-09,,,False,Itaewon Class,Korean street food,2020-01-31,,,6.0,0.0,,
2020-06-10,,,False,Itaewon Class,Korean street food,2020-01-31,,,5.0,0.0,,
2020-06-11,,,False,Itaewon Class,Korean street food,2020-01-31,,,6.0,0.0,,
2020-06-12,,,False,Itaewon Class,Korean street food,2020-01-31,,,6.0,0.0,,
2020-06-13,,,False,Itaewon Class,Korean street food,2020-01-31,,,7.0,0.0,,
2020-06-14,,,False,Itaewon Class,Korean street food,2020-01-31,,,7.0,0.0,,
2020-06-15,,,False,Itaewon Class,Korean street food,2020-01-31,,,5.0,0.0,,
2020-06-16,,,False,Itaewon Class,Korean street food,2020-01-31,,,5.0,0.0,,
2020-06-17,,,False,Itaewon Class,Korean street food,2020-01-31,,,5.0,0.0,,
2020-06-18,,,False,Itaewon Class,Korean street food,2020-01-31,,,6.0,0.0,,
2020-06-19,,,False,Itaewon Class,Korean street food,2020-01-31,,,6.0,0.0,,
2020-06-20,,,False,Itaewon Class,Korean street food,2020-01-31,,,6.0,0.0,,
2020-06-21,,,False,Itaewon Class,Korean street food,2020-01-31,,,6.0,0.0,,
2020-06-22,,,False,Itaewon Class,Korean street food,2020-01-31,,,6.0,0.0,,
2020-06-23,,,False,Itaewon Class,Korean street food,2020-01-31,,,5.0,0.0,,
2020-06-24,,,False,Itaewon Class,Korean street food,2020-01-31,,,5.0,0.0,,
2020-06-25,,,False,Itaewon Class,Korean street food,2020-01-31,,,5.0,0.0,,
2020-06-26,,,False,Itaewon Class,Korean street food,2020-01-31,,,5.0,0.0,,
2020-06-27,,,False,Itaewon Class,Korean street food,2020-01-31,,,5.0,0.0,,
2020-06-28,,,False,Itaewon Class,Korean street food,2020-01-31,,,5.0,0.0,,
2020-06-29,,,False,Itaewon Class,Korean street food,2020-01-31,,,5.0,0.0,,
2020-06-30,,,False,Itaewon Class,Korean street food,2020-01-31,,,4.0,0.0,,
2019-04-28,,,False,Parasite,Jjapaguri,2019-05-21,,,,,1.0,0.0
2019-05-05,,,False,Parasite,Jjapaguri,2019-05-21,,,,,1.0,0.0
2019-05-12,,,False,Parasite,Jjapaguri,2019-05-21,,,,,1.0,0.0
2019-05-19,,,False,Parasite,Jjapaguri,2019-05-21,,,,,2.0,0.0
2019-05-26,,,False,Parasite,Jjapaguri,2019-05-21,,,,,3.0,0.0
2019-06-02,,,False,Parasite,Jjapaguri,2019-05-21,,,,,3.0,0.0
2019-06-09,,,False,Parasite,Jjapaguri,2019-05-21,,,,,3.0,0.0
2019-06-16,,,False,Parasite,Jjapaguri,2019-05-21,,,,,3.0,0.0
2019-06-23,,,False,Parasite,Jjapaguri,2019-05-21,,,,,4.0,0.0
2019-06-30,,,False,Parasite,Jjapaguri,2019-05-21,,,,,5.0,0.0
2019-07-07,,,False,Parasite,Jjapaguri,2019-05-21,,,,,4.0,0.0
2019-07-14,,,False,Parasite,Jjapaguri,2019-05-21,,,,,3.0,0.0
2019-07-21,,,False,Parasite,Jjapaguri,2019-05-21,,,,,3.0,0.0
2019-07-28,,,False,Parasite,Jjapaguri,2019-05-21,,,,,3.0,0.0
2019-08-04,,,False,Parasite,Jjapaguri,2019-05-21,,,,,3.0,0.0
2019-08-11,,,False,Parasite,Jjapaguri,2019-05-21,,,,,5.0,0.0
2019-08-18,,,False,Parasite,Jjapaguri,2019-05-21,,,,,4.0,0.0
2019-08-25,,,False,Parasite,Jjapaguri,2019-05-21,,,,,3.0,0.0
2019-09-01,,,False,Parasite,Jjapaguri,2019-05-21,,,,,3.0,0.0
2019-09-08,,,False,Parasite,Jjapaguri,2019-05-21,,,,,3.0,0.0
2019-09-15,,,False,Parasite,Jjapaguri,2019-05-21,,,,,3.0,0.0
2019-09-22,,,False,Parasite,Jjapaguri,2019-05-21,,,,,3.0,0.0
2019-09-29,,,False,Parasite,Jjapaguri,2019-05-21,,,,,3.0,0.0
2019-10-06,,,False,Parasite,Jjapaguri,2019-05-21,,,,,4.0,0.0
2019-10-13,,,False,Parasite,Jjapaguri,2019-05-21,,,,,5.0,0.0
2019-10-20,,,False,Parasite,Jjapaguri,2019-05-21,,,,,6.0,0.0
2019-10-27,,,False,Parasite,Jjapaguri,2019-05-21,,,,,7.0,0.0
2019-11-03,,,False,Parasite,Jjapaguri,2019-05-21,,,,,8.0,0.0
2019-11-10,,,False,Parasite,Jjapaguri,2019-05-21,,,,,8.0,0.0
2019-11-17,,,False,Parasite,Jjapaguri,2019-05-21,,,,,7.0,0.0
2019-11-24,,,False,Parasite,Jjapaguri,2019-05-21,,,,,6.0,0.0
2019-12-01,,,False,Parasite,Jjapaguri,2019-05-21,,,,,5.0,0.0
2019-12-08,,,False,Parasite,Jjapaguri,2019-05-21,,,,,6.0,0.0
2019-12-15,,,False,Parasite,Jjapaguri,2019-05-21,,,,,6.0,0.0
2019-12-22,,,False,Parasite,Jjapaguri,2019-05-21,,,,,7.0,0.0
2019-12-29,,,False,Parasite,Jjapaguri,2019-05-21,,,,,10.0,0.0
2020-01-05,,,False,Parasite,Jjapaguri,2019-05-21,,,,,13.0,0.0
2020-01-12,,,False,Parasite,Jjapaguri,2019-05-21,,,,,16.0,0.0
2020-01-19,,,False,Parasite,Jjapaguri,2019-05-21,,,,,16.0,0.0
2020-01-26,,,False,Parasite,Jjapaguri,2019-05-21,,,,,12.0,0.0
2020-02-02,,,False,Parasite,Jjapaguri,2019-05-21,,,,,15.0,0.0
2020-02-09,,,False,Parasite,Jjapaguri,2019-05-21,,,,,100.0,0.0
2020-02-16,,,False,Parasite,Jjapaguri,2019-05-21,,,,,40.0,0.0
2020-02-23,,,False,Parasite,Jjapaguri,2019-05-21,,,,,22.0,0.0
